{
    "data_min": [
        -1.0,
        0.0,
        0.0,
        0.0,
        -1.0,
        -1.0,
        0.0
    ],
    "data_max": [
        25.55,
        2750.0,
        49.8,
        15.95,
        40.85,
        7.73,
        3.2777777777778
    ],
    "scale": [
        0.03766478342749529,
        0.0003636363636363636,
        0.020080321285140562,
        0.06269592476489029,
        0.02389486260454002,
        0.1145475372279496,
        0.30508474576270983
    ],
    "min": [
        0.03766478342749529,
        0.0,
        0.0,
        0.0,
        0.02389486260454002,
        0.1145475372279496,
        0.0
    ],
    "feature_range": [
        0,
        1
    ],
    "n_features_in": 7
}